folha,ref_antiga,ref_nova,lib_id,x_mm,y_mm
01_conectores,P1,P1,Connector_Generic:Conn_01x20,40.64,68.58
01_conectores,P2,P2,Connector_Generic:Conn_01x14,149.86,60.96
01_conectores,FID101,FID1,Mechanical:Fiducial,200.66,50.8
01_conectores,FID102,FID2,Mechanical:Fiducial,215.9,50.8
01_conectores,FID103,FID3,Mechanical:Fiducial,231.14,50.8
02_entrada,R207,R1,Device:R,33.02,92.71
02_entrada,D203,D1,Device:LED,33.02,102.87
02_entrada,D200,D2,Device:D_Zener,40.64,58.42
02_entrada,T201,TP1,Connector:TestPoint,46.99,50.8
02_entrada,F201,F1,Device:Fuse,67.31,63.5
02_entrada,F202,F2,Device:Fuse,67.31,101.6
02_entrada,T202,TP2,Connector:TestPoint,69.85,165.1
02_entrada,R200,R2,Device:R,80.01,165.1
02_entrada,D201,D3,Device:D_Schottky,95.25,63.5
02_entrada,D202,D4,Device:D_Schottky,95.25,101.6
02_entrada,R206,R3,Device:R,123.19,63.5
02_entrada,C200,C1,Device:C,132.08,72.39
02_entrada,C201,C2,Device:C,132.08,110.49
02_entrada,T207,TP3,Connector:TestPoint,151.13,63.5
02_entrada,T206,TP4,Connector:TestPoint,151.13,101.6
03_alimentacao,R208,R4,Device:R,25.4,87.63
03_alimentacao,D204,D5,Device:LED,25.4,97.79
03_alimentacao,C206,C3,Device:C,38.1,120.65
03_alimentacao,U200,U1,EBM7_V23_proyecto9:TPS7A4001DGN,50.8,71.12
03_alimentacao,U202,U2,EBM7_V23_proyecto10:ADR4525BRZ,63.5,119.38
03_alimentacao,R201,R5,Device:R,68.58,69.85
03_alimentacao,R202,R6,Device:R,68.58,77.47
03_alimentacao,C202,C4,Device:C,81.28,69.85
03_alimentacao,C207,C5,Device:C,86.36,120.65
03_alimentacao,T205,TP5,Connector:TestPoint,93.98,114.3
03_alimentacao,C203,C6,Device:C,96.52,69.85
03_alimentacao,C209,C7,Device:C,99.06,90.17
03_alimentacao,T203,TP6,Connector:TestPoint,106.68,63.5
03_alimentacao,R203,R7,Device:R,118.11,73.66
03_alimentacao,R204,R8,Device:R,124.46,118.11
03_alimentacao,R205,R9,Device:R,124.46,125.73
03_alimentacao,U203,U3,Reference_Voltage:TL431DBZ,139.7,121.92
03_alimentacao,U201,U4,EBM2_V5:MCP1824T-3302E_OT,144.78,66.04
03_alimentacao,T204,TP7,Connector:TestPoint,160.02,58.42
03_alimentacao,C204,C8,Device:C,175.26,64.77
03_alimentacao,C205,C9,Device:C,190.5,64.77
04_barreira,C400,C10,Device:C,71.12,69.85
04_barreira,T400,TP8,Connector:TestPoint,78.74,101.6
04_barreira,U401,U5,EBM2_V5:MCP1824ST-3302E,86.36,66.04
04_barreira,C402,C11,Device:C,101.6,69.85
04_barreira,C401,C12,Device:C,111.76,69.85
04_barreira,U400,U6,EBM7_V23_proyecto4:ISO7141CC,139.7,88.9
04_barreira,C403,C13,Device:C,162.56,69.85
04_barreira,FB400,FB1,Device:L_Ferrite,173.99,66.04
05_adc,C500,C14,Device:C,119.38,67.31
05_adc,U500,U7,Analog_ADC:MCP3208,139.7,91.44
05_adc,C501,C15,Device:C,152.4,67.31
05_adc,FB500,FB2,Device:L_Ferrite,156.21,58.42
05_adc,C502,C16,Device:C,162.56,67.31
05_adc,T500,TP9,Connector:TestPoint,185.42,116.84
06_lacos,D601,D6,Device:D_Zener,27.94,80.01
06_lacos,D602,D7,Device:D_Zener,27.94,140.97
06_lacos,D603,D8,Device:D_Zener,27.94,201.93
06_lacos,D604,D9,Device:D_Zener,165.1,80.01
06_lacos,D605,D10,Device:D_Zener,165.1,140.97
06_lacos,D606,D11,Device:D_Zener,165.1,201.93
06_lacos,F601,F3,Device:Fuse,33.02,45.72
06_lacos,F602,F4,Device:Fuse,33.02,106.68
06_lacos,F603,F5,Device:Fuse,33.02,167.64
06_lacos,F604,F6,Device:Fuse,170.18,45.72
06_lacos,F605,F7,Device:Fuse,170.18,106.68
06_lacos,F606,F8,Device:Fuse,170.18,167.64
06_lacos,D611,D12,Device:D_Zener,39.37,49.53
06_lacos,D612,D13,Device:D_Zener,39.37,110.49
06_lacos,D613,D14,Device:D_Zener,39.37,171.45
06_lacos,D614,D15,Device:D_Zener,176.53,49.53
06_lacos,D615,D16,Device:D_Zener,176.53,110.49
06_lacos,D616,D17,Device:D_Zener,176.53,171.45
06_lacos,U601,U8,EBM7_V23_proyecto7:TPS26613DDFR,41.91,76.2
06_lacos,U602,U9,EBM7_V23_proyecto7:TPS26613DDFR,41.91,137.16
06_lacos,U603,U10,EBM7_V23_proyecto7:TPS26613DDFR,41.91,198.12
06_lacos,U604,U11,EBM7_V23_proyecto7:TPS26613DDFR,179.07,76.2
06_lacos,U605,U12,EBM7_V23_proyecto7:TPS26613DDFR,179.07,137.16
06_lacos,U606,U13,EBM7_V23_proyecto7:TPS26613DDFR,179.07,198.12
06_lacos,C611,C17,Device:C,60.96,60.96
06_lacos,C612,C18,Device:C,60.96,121.92
06_lacos,C613,C19,Device:C,60.96,182.88
06_lacos,C614,C20,Device:C,198.12,60.96
06_lacos,C615,C21,Device:C,198.12,121.92
06_lacos,C616,C22,Device:C,198.12,182.88
06_lacos,R601,R10,Device:R,68.58,76.2
06_lacos,R602,R11,Device:R,68.58,137.16
06_lacos,R603,R12,Device:R,68.58,198.12
06_lacos,R604,R13,Device:R,205.74,76.2
06_lacos,R605,R14,Device:R,205.74,137.16
06_lacos,R606,R15,Device:R,205.74,198.12
06_lacos,R611,R16,Device:R,78.74,80.01
06_lacos,R612,R17,Device:R,78.74,140.97
06_lacos,R613,R18,Device:R,78.74,201.93
06_lacos,R614,R19,Device:R,215.9,80.01
06_lacos,R615,R20,Device:R,215.9,140.97
06_lacos,R616,R21,Device:R,215.9,201.93
06_lacos,R621,R22,Device:R,86.36,76.2
06_lacos,R622,R23,Device:R,86.36,137.16
06_lacos,R623,R24,Device:R,86.36,198.12
06_lacos,R624,R25,Device:R,223.52,76.2
06_lacos,R625,R26,Device:R,223.52,137.16
06_lacos,R626,R27,Device:R,223.52,198.12
06_lacos,C601,C23,Device:C,96.52,80.01
06_lacos,C602,C24,Device:C,96.52,140.97
06_lacos,C603,C25,Device:C,96.52,201.93
06_lacos,C604,C26,Device:C,233.68,80.01
06_lacos,C605,C27,Device:C,233.68,140.97
06_lacos,C606,C28,Device:C,233.68,201.93
06_lacos,D621,D18,EBM7_V23_proyecto3:BAV199,114.3,81.28
06_lacos,D622,D19,EBM7_V23_proyecto3:BAV199,114.3,142.24
06_lacos,D623,D20,EBM7_V23_proyecto3:BAV199,114.3,203.2
06_lacos,D624,D21,EBM7_V23_proyecto3:BAV199,251.46,81.28
06_lacos,D625,D22,EBM7_V23_proyecto3:BAV199,251.46,142.24
06_lacos,D626,D23,EBM7_V23_proyecto3:BAV199,251.46,203.2
06_lacos,R661,R28,Device:R,121.92,76.2
06_lacos,R662,R29,Device:R,121.92,137.16
06_lacos,R663,R30,Device:R,121.92,198.12
06_lacos,R664,R31,Device:R,259.08,76.2
06_lacos,R665,R32,Device:R,259.08,137.16
06_lacos,R666,R33,Device:R,259.08,198.12
06_lacos,R630,R34,Device:R,20.32,240.03
06_lacos,D630,D24,Device:LED,20.32,250.19
06_lacos,C641,C29,Device:C,50.8,247.65
06_lacos,C640,C30,Device:C,68.58,247.65
06_lacos,U640,U14,EBM7_V23_proyecto9:TPS7A4001DGN,99.06,246.38
06_lacos,R641,R35,Device:R,121.92,247.65
06_lacos,R642,R36,Device:R,121.92,255.27
06_lacos,C642,C31,Device:C,137.16,247.65
06_lacos,C644,C32,Device:C,152.4,247.65
06_lacos,T640,TP10,Connector:TestPoint,165.1,243.84
06_lacos,C645,C33,Device:C,165.1,261.62
06_lacos,R643,R37,Device:R,190.5,247.65
06_lacos,R644,R38,Device:R,190.5,255.27
06_lacos,R645,R39,Device:R,203.2,255.27
06_lacos,C643,C34,Device:C,215.9,255.27
07_ntc,R700,TH1,Device:Thermistor_NTC,50.8,54.61
07_ntc,R701,R40,Device:R,50.8,64.77
07_ntc,C700,C35,Device:C,60.96,64.77
