Refs;Qtd;Valor;Pegada;Fabricante;MPN;Mouser;Stock;USD_1;USD_10;USD_100;Ciclo_vida;Origem;Alternativas;Notas
C1;1;2u2/100V;C_1210_3225Metric;N/D;C3225X7R2A225K230AB;810-C3225X7R2A225K;30005;0.7800;0.4880;0.3380;Production (ficha TDK 2026-09-25);NOVO;N/D;"C1: curva TDK ~1,54 uF a 30,4 V; pior caso 1,18 uF > 1 uF (TPS7A4001); RA2 11,3x. X7S 1206 descartado (0,89 uF)"
C2, C30;2;10uF/100V;C_1210_3225Metric;Murata;GRM32EC72A106ME05L;81-GRM32EC72A106ME5L;35196;1.1800;0.7580;0.5420;Activo (DigiKey 2026-09-24);biblioteca 2Solve;"GRM32EC72A106KE05L (±10 %, mesma série; troca feita na EBM7 por falta de stock)";
C3, C6, C9, C12, C13, C14, C16, C17, C18, C19, C20, C21, C22, C23, C24, C25, C26, C27, C28, C29, C34, C35;22;100nF / 100nF/100V;0603C;Murata;GRM188R72A104KA35D;81-GRM188R72A104KA35;1344731;0.0870;0.0540;0.0400;Activo (substituto do GRM188R71E104KA01D obsoleto, relatório 2026-09-24);biblioteca 2Solve;—;
C4, C8, C31, C32;4;10uF/50V;C_1206_3216Metric;TDK;C3216X5R1H106K160AB;810-C3216X5R1H106K;124920;1.8500;1.2500;0.9130;Production (ficha TDK 2026-09-24);biblioteca 2Solve;N/D;Curva TDK conferida: C4 7,0 µF a 5 V, C8 7,2 µF a 3,3 V, C31+C32 8,9 µF a 12,6 V (pior caso)
C5, C11;2;2u2;0603C;TDK;C1608X5R1E225K080AB;810-C1608X5R1E225K;15300;0.2700;0.1610;0.0980;Production (ficha TDK 2026-09-24);biblioteca 2Solve;N/D;Curva TDK conferida (ficha 2026-09-24): pior caso 1,44 µF a 2,5 V (C5) e 1,26 µF a 3,3 V (C11), ≥ 1 µF
C7, C33;2;10nF;0603C;Murata;GCM188R71H103KA37J;81-GCM188R71H103KA7J;3509127;0.1200;0.0680;0.0410;N/D;biblioteca 2Solve;N/D;
C10, C15;2;1uF;0603C;KEMET;C0603C105K4RACTU;80-C0603C105K4R;185891;0.1400;0.0780;0.0450;N/D;biblioteca 2Solve;N/D;
D1, D5, D24;3;KG EELP41.22;0603LED;ams OSRAM;KG EELP41.22-PHRH-35-A8J8-20-R18;720-P4122PHRH35A8J82;0;0.1600;0.1090;0.0760;Activo (substituto do LG Q396 obsoleto, relatório 2026-09-24);biblioteca 2Solve;Q65113A7469 — Código de encomenda OSRAM do mesmo tipo e bin, KG EELP41.22-PHRH-35-A8J8 (datasheet v1.4 pág. 3);
D2;1;SMA6J33A-Q;DO-214;Bourns;SMA6J33A-Q;652-SMA6J33A-Q;11149;0.5800;0.2760;0.2270;Activo (BOM EBM7 2026-09-14);biblioteca 2Solve;N/D;
D3, D4;2;MBR1H100SF;SOD123;onsemi;MBR1H100SFT3G;863-MBR1H100SFT3G;106816;0.6600;0.2970;0.2610;Activo (DigiKey 2026-09-24);biblioteca 2Solve;N/D;
D6, D7, D8, D9, D10, D11;6;SMBJ33A;DO-214AA;Diodes Inc.;SMBJ33A-13-F;621-SMBJ33A-13-F;89868;0.5700;0.2710;0.1900;N/D;NOVO;N/D;Novo na rev. 2.4 (DS19002 conferido)
D12, D13, D14, D15, D16, D17;6;824520361;DO-214AA;Würth Elektronik;824520361;710-824520361;82;0.3500;0.3200;0.2370;Activo (BOM EBM7 2026-09-14);biblioteca 2Solve;N/D;Stock baixo (314 D / 82 M) para 6 por placa
D18, D19, D20, D21, D22, D23;6;BAV199;SOT23-3;onsemi;BAV199LT1G;863-BAV199LT1G;136104;0.1600;0.0720;0.0450;Activo (BOM EBM7 2026-09-14);biblioteca 2Solve;N/D;
F1;1;CC12H250MA-TR;1206F;Eaton;CC12H250MA-TR;504-CC12H250MA-TR;151;1.0300;0.9440;0.7230;Activo (DigiKey 2026-09-24);NOVO;N/D;
F2;1;CC12H750MA-TR;1206F;Eaton;CC12H750MA-TR;504-CC12H750MA-TR;5070;1.1600;1.0700;0.8160;Activo (BOM EBM7 2026-09-14);biblioteca 2Solve;N/D;
F3, F4, F5, F6, F7, F8;6;50mA;1206F;Schurter;3413.0002.22;693-3413.0002.22;0;2.4100;1.8200;1.3700;Activo (BOM EBM7 2026-09-14);biblioteca 2Solve;"3413.0002.11 — Mesma linha eléctrica (50 mA, 63 VDC, 9200 mΩ, 0,0002 A²s); só muda a embalagem: 100 un. em fita (Schurter USFF, págs. 3-4)";
FB1, FB2;2;BLM18PG471SN1D;0603FB;Murata;BLM18PG471SN1D;81-BLM18PG471SN1D;443559;0.1000;0.0620;0.0440;Activo (BOM EBM7 2026-09-14);biblioteca 2Solve;N/D;
P1;1;M20-7822046;HDR1X20_FEMALE;Harwin;M20-7822046;855-M20-7822046;1287;2.2400;2.2400;1.8600;Activo (BOM EBM7 2026-09-14);biblioteca 2Solve;N/D;
P2;1;M20-7821446;HDR1X14_FEMALE;Harwin;M20-7821446;855-M20-7821446;562;1.7500;1.4400;1.4300;Activo (BOM EBM7 2026-09-14);biblioteca 2Solve;N/D;
R1, R34;2;14k7;0603R;Panasonic;ERJ-3EKF1472V;667-ERJ-3EKF1472V;66735;0.1000;0.0240;0.0200;Activo (DigiKey 2026-09-24);NOVO;N/D;
R2, R10, R11, R12, R13, R14, R15;7;0R;0603R;Yageo;RC0603JR-070RL;603-RC0603JR-070RL;5980483;0.1000;0.0080;0.0050;Activo (BOM EBM7 2026-09-14);biblioteca 2Solve;N/D;
R3;1;150R;0805R;N/D;SG73P2ATTD1500F;660-SG73P2ATTD1500F;14366;0.1700;0.0540;0.0400;N/D;NOVO;N/D;R3: pulso de arranque 6,6 W / 0,6 ms contra ~26 W da curva 2A (KOA SG73P pág. 2): ~4x
R4;1;2k2;0603R;Yageo;RC0603FR-072K2L;603-RC0603FR-072K2L;557666;0.1000;0.0140;0.0080;Activo (BOM EBM7 2026-09-14);biblioteca 2Solve;N/D;
R5;1;32k4;0603R;Yageo;RC0603FR-0732K4L;603-RC0603FR-0732K4L;221;0.1100;0.0140;0.0090;N/D;NOVO;N/D;
R6, R9, R36;3;10k;0603R;Yageo;RC0603FR-0710KL;603-RC0603FR-0710KL;2811281;0.1000;0.0140;0.0080;N/D;biblioteca 2Solve;N/D;
R7;1;100k;0603R;Yageo;RC0603FR-07100KL;603-RC0603FR-07100KL;5080704;0.1000;0.0140;0.0080;N/D;biblioteca 2Solve;N/D;
R8;1;4k12;0603R;Yageo;RC0603FR-074K12L;603-RC0603FR-074K12L;16714;0.1000;0.0140;0.0080;N/D;NOVO;N/D;
R16, R17, R18, R19, R20, R21;6;110R 0,1%;1206R;Panasonic;ERA8AEB111V;667-ERA-8AEB111V;7280;0.2700;0.1970;0.1640;Activo (DigiKey 2026-09-24);NOVO;N/D;
R22, R23, R24, R25, R26, R27;6;3k3;0603R;Yageo;RC0603FR-073K3L;603-RC0603FR-073K3L;588651;0.1200;0.0140;0.0100;Activo (BOM EBM7 2026-09-14);biblioteca 2Solve;N/D;
R28, R29, R30, R31, R32, R33;6;4k7;0603R;Yageo;RC0603FR-074K7L;603-RC0603FR-074K7L;2124140;0.1000;0.0140;0.0080;N/D;NOVO;N/D;
R35;1;93k1;0603R;Stackpole;RMCF0603FT93K1;708-RMCF0603FT93K1;87588;0.1000;0.0120;0.0100;N/D;biblioteca 2Solve;N/D;
R37;1;13k3;0603R;Yageo;RC0603FR-0713K3L;603-RC0603FR-0713K3L;420840;0.1000;0.0140;0.0080;N/D;NOVO;N/D;
R38, R39;2;6k65;0603R;Yageo;RC0603FR-076K65L;603-RC0603FR-076K65L;879514;0.1000;0.0140;0.0080;N/D;biblioteca 2Solve;N/D;
R40;1;5k62 0,1%;0603R;Panasonic;ERA3AEB5621V;667-ERA-3AEB5621V;8540;0.1000;0.0640;0.0610;Activo (DigiKey 2026-09-24);NOVO;N/D;Prazo de fábrica 49 semanas (DigiKey 2026-09-24)
TH1;1;10k NTC;0603R;Vishay;NTCS0603E3103JLT;594-NTCS0603E3103JLT;11185;0.2300;0.2140;0.1750;Activo (BOM EBM7 2026-09-14);biblioteca 2Solve;N/D;
U1, U14;2;TPS7A4001DGN;HVSSOP-8-1EP;Texas Instruments;TPS7A4001DGNR;595-TPS7A4001DGNR;11204;3.5300;2.6500;2.1800;Activo (BOM EBM7 2026-09-14);biblioteca 2Solve;N/D;
U2;1;ADR4525WBRZ-R7;SOIC8;Analog Devices;ADR4525WBRZ-R7;584-ADR4525WBRZ-R7;2147;14.8000;11.5900;9.9100;Restricted Availability (Mouser 2026-09-25);NOVO;"ADR4525BRZ — O MPN original: mesmo grau B em tubo de 98; na Mouser sem preço nem stock e «Restricted Availability» (2026-09-25). A WBRZ-R7 entrou na tanda B por isso (ADR45xx Rev. G, tabela 14 pág. 40, nota 2 pág. 41)";Família «Restricted Availability» na Mouser: comprar cedo
U3;1;TL431B;SOT23-3;Texas Instruments;TL431BQDBZR;595-TL431BQDBZR;820;0.4400;0.3060;0.2360;Activo (BOM EBM7 2026-09-14);biblioteca 2Solve;N/D;
U4;1;MCP1824T-3302E/OT;SOT-23-5;Microchip;MCP1824T-3302E/OT;579-MCP1824T-3302EOT;14500;0.5600;0.5600;0.4750;N/D;NOVO;N/D;Novo na rev. 2.5 (U4)
U5;1;MCP1824ST-3302E/DB;SOT-223-3;Microchip;MCP1824ST-3302E/DB;579-MCP1824ST3302EDB;11898;0.6400;0.6400;0.5400;Activo (BOM EBM7 2026-09-14);biblioteca 2Solve;N/D;
U6;1;ISO7141CCDBQR;SSOP16-4.9x3.9mm;Texas Instruments;ISO7141CCDBQR;595-ISO7141CCDBQR;0;10.9400;8.5600;7.3000;Activo (BOM EBM7 2026-09-14);biblioteca 2Solve;ISO7141CCDBQ — Mesma peça, tubo de 75 em vez de bobina de 2500 (TI, package option addendum pág. 27);**0 em stock na Mouser** (BOM EBM7 2026-09-14): risco de abastecimento
U7;1;MCP3208T-BI/SL;SOIC16;Microchip;MCP3208T-BI/SL;579-MCP3208T-BI/SL;3893;5.7600;5.7600;4.6400;Activo (DigiKey 2026-09-24);NOVO;N/D;
U8, U9, U10, U11, U12, U13;6;TPS26613DDFR;SOT-23-8;Texas Instruments;TPS26613DDFR;595-TPS26613DDFR;3238;1.8000;1.2100;0.9720;N/D;biblioteca 2Solve;N/D;Novo na rev. 2.4 (protector de laço)
